{"parent":"item/diamond_sword","textures":{"layer0":"item/arrow"},"overrides":[{"predicate":{"custom_model_data":1000},"model":"item/ammo/ammo9mm"},{"predicate":{"custom_model_data":1001},"model":"item/ammo/ammo40m"},{"predicate":{"custom_model_data":1002},"model":"item/ammo/ammo50cal"},{"predicate":{"custom_model_data":1003},"model":"item/ammo/ammo556"},{"predicate":{"custom_model_data":1004},"model":"item/ammo/ammo762"},{"predicate":{"custom_model_data":1005},"model":"item/ammo/ammofusion"},{"predicate":{"custom_model_data":1006},"model":"item/ammo/ammomininuke"},{"predicate":{"custom_model_data":1007},"model":"item/ammo/ammomusketball"},{"predicate":{"custom_model_data":1008},"model":"item/ammo/ammorpg"},{"predicate":{"custom_model_data":1009},"model":"item/ammo/ammoshotgun"}]}